Levels_List_Python,TestCase_Count 
"[13, 10, 20, 11, 28, 28, 2, 25, 20, 21, 11, 28, 14, 25, 15, 26, 18, 4, 24, 15, 2, 18, 17, 5, 16, 10, 25, 27, 24, 2]",
"[22, 16, 29, 13, 2, 27, 19, 19, 5, 16, 25, 20, 21, 19, 2, 24, 11, 27, 26, 11, 23, 22, 21, 8, 29, 29, 26, 16, 22, 12]",
"[27, 29, 8, 22, 19, 8, 29, 21, 7, 15, 17, 14, 9, 19, 27, 16, 12, 17, 22, 18, 3, 2, 29, 3, 28, 11, 12, 18, 8, 7]",
"[13, 17, 12, 5, 7, 10, 24, 23, 13, 6, 2, 27, 9, 19, 19, 19, 24, 23, 9, 8, 18, 30, 9, 13, 15, 8, 10, 22, 27, 24]",
"[18, 9, 17, 2, 3, 11, 23, 10, 10, 12, 10, 4, 29, 5, 24, 16, 19, 17, 28, 11, 23, 7, 15, 24, 27, 20, 3, 11, 21, 7]",
"[20, 26, 19, 25, 18, 26, 9, 11, 29, 4, 5, 7, 10, 5, 2, 15, 19, 11, 14, 13, 20, 14, 7, 25, 24, 9, 22, 4, 6, 5]",
"[10, 20, 16, 20, 30, 28, 28, 21, 16, 2, 17, 23, 22, 20, 24, 8, 15, 11, 2, 23, 18, 11, 4, 7, 9, 17, 23, 7, 20, 2]",
"[10, 2, 20, 30, 5, 24, 29, 22, 15, 24, 19, 13, 8, 29, 22, 6, 7, 2, 4, 7, 6, 27, 23, 18, 14, 29, 2, 24, 13, 2]",
"[4, 2, 18, 26, 20, 7, 4, 5, 25, 10, 8, 26, 24, 18, 14, 24, 7, 3, 16, 21, 25, 21, 25, 21, 7, 10, 9, 24, 25, 5]",
"[20, 18, 25, 15, 4, 4, 11, 12, 17, 11, 14, 2, 30, 9, 14, 13, 14, 28, 16, 4, 23, 27, 2, 8, 25, 15, 5, 24, 12, 12]",
"[7, 5, 3, 16, 22, 29, 19, 25, 8, 20, 24, 17, 25, 8, 6, 29, 11, 5, 11, 23, 6, 20, 21, 3, 7, 20, 17, 5, 11, 11]",
"[5, 28, 3, 19, 5, 26, 4, 4, 26, 14, 5, 9, 17, 13, 11, 9, 6, 12, 21, 4, 26, 4, 9, 13, 22, 26, 12, 18, 15, 8]",
"[29, 15, 24, 5, 26, 4, 8, 5, 17, 19, 8, 8, 2, 12, 24, 9, 19, 16, 5, 18, 25, 11, 27, 11, 29, 6, 10, 28, 24, 24]",
"[22, 22, 5, 21, 14, 10, 28, 18, 14, 21, 30, 8, 28, 26, 12, 10, 27, 30, 24, 17, 3, 2, 16, 11, 26, 15, 28, 20, 18, 3]",
"[27, 6, 7, 10, 19, 13, 28, 9, 11, 27, 19, 6, 22, 22, 6, 18, 28, 14, 10, 27, 2, 30, 20, 4, 22, 14, 3, 2, 28, 23]",
"[19, 28, 21, 21, 20, 6, 15, 10, 27, 19, 6, 25, 17, 28, 8, 30, 23, 7, 17, 10, 5, 29, 2, 13, 16, 10, 28, 6, 21, 3]",
"[7, 9, 3, 17, 8, 4, 24, 28, 24, 30, 29, 6, 27, 16, 21, 26, 11, 27, 13, 6, 23, 10, 15, 23, 23, 15, 6, 2, 20, 28]",
"[19, 13, 12, 9, 20, 22, 2, 22, 29, 3, 11, 11, 10, 20, 13, 26, 16, 14, 10, 16, 21, 12, 4, 3, 3, 9, 12, 3, 23, 5]",
"[26, 13, 21, 2, 3, 22, 23, 15, 29, 13, 9, 10, 26, 29, 7, 3, 25, 7, 2, 18, 17, 28, 24, 12, 16, 7, 17, 7, 16, 28]",
"[10, 28, 29, 6, 13, 28, 19, 21, 19, 25, 4, 14, 28, 6, 20, 24, 15, 6, 20, 14, 13, 28, 25, 6, 2, 7, 9, 12, 13, 26]",
"[29, 26, 20, 16, 16, 27, 5, 13, 12, 12, 10, 30, 27, 2, 19, 17, 8, 23, 28, 6, 16, 30, 8, 17, 10, 15, 9, 17, 4, 10]",
"[23, 25, 2, 29, 13, 9, 10, 14, 6, 9, 3, 2, 20, 28, 30, 15, 30, 4, 13, 25, 3, 25, 17, 6, 9, 7, 14, 4, 9, 19]",
"[21, 28, 22, 18, 3, 5, 7, 11, 23, 18, 13, 5, 27, 24, 9, 4, 17, 4, 19, 26, 14, 3, 12, 19, 3, 6, 26, 6, 26, 10]",
"[18, 5, 12, 30, 6, 28, 30, 18, 5, 14, 10, 9, 23, 29, 4, 4, 24, 19, 25, 8, 23, 18, 19, 16, 29, 16, 28, 18, 9, 5]",
"[21, 16, 21, 13, 19, 17, 25, 11, 26, 9, 13, 23, 23, 13, 25, 13, 15, 12, 13, 2, 18, 15, 13, 14, 28, 14, 23, 24, 29, 24]",
"[15, 19, 8, 3, 22, 12, 10, 14, 4, 28, 5, 15, 28, 2, 11, 30, 3, 16, 2, 2, 7, 18, 26, 10, 16, 9, 10, 28, 23, 24]",
"[17, 15, 13, 16, 7, 17, 21, 15, 16, 27, 12, 7, 18, 16, 12, 20, 15, 6, 20, 5, 3, 20, 8, 27, 23, 10, 23, 12, 7, 13]",
"[14, 28, 12, 4, 19, 9, 16, 15, 16, 21, 22, 30, 20, 12, 8, 19, 9, 16, 29, 4, 24, 15, 5, 22, 4, 9, 5, 6, 23, 24]",
"[11, 6, 10, 15, 7, 12, 21, 3, 18, 15, 22, 20, 23, 29, 2, 2, 16, 9, 30, 2, 30, 25, 8, 15, 12, 27, 13, 22, 23, 19]",
"[23, 28, 21, 19, 17, 6, 16, 3, 27, 16, 27, 8, 26, 15, 20, 29, 4, 16, 30, 24, 20, 12, 26, 26, 24, 15, 28, 3, 15, 15]",
"[27, 11, 28, 27, 21, 9, 8, 10, 23, 30, 9, 19, 14, 15, 4, 26, 25, 10, 15, 22, 24, 25, 11, 29, 10, 11, 27, 14, 10, 24]",
"[18, 19, 4, 11, 8, 9, 28, 19, 10, 24, 25, 2, 23, 14, 11, 4, 19, 2, 28, 15, 15, 28, 4, 26, 19, 3, 12, 21, 27, 28]",
"[16, 3, 18, 22, 7, 12, 14, 8, 13, 11, 15, 30, 26, 2, 6, 4, 9, 26, 6, 27, 30, 25, 15, 6, 18, 17, 10, 10, 14, 13]",
"[28, 4, 23, 20, 12, 24, 16, 16, 6, 16, 12, 2, 6, 2, 15, 30, 28, 15, 2, 23, 20, 24, 14, 26, 6, 30, 10, 17, 22, 4]",
"[5, 2, 28, 16, 16, 20, 16, 18, 14, 23, 25, 15, 12, 16, 21, 12, 14, 2, 14, 3, 24, 21, 13, 20, 26, 6, 18, 13, 11, 21]",
"[3, 6, 14, 4, 19, 13, 16, 30, 14, 11, 22, 9, 17, 28, 15, 13, 7, 5, 26, 7, 29, 29, 3, 25, 28, 3, 7, 15, 10, 3]",
"[9, 24, 11, 29, 22, 9, 21, 21, 3, 26, 11, 23, 16, 3, 12, 10, 21, 24, 21, 3, 5, 20, 9, 18, 18, 8, 6, 2, 22, 9]",
"[21, 9, 3, 20, 15, 14, 14, 8, 12, 19, 16, 9, 11, 9, 8, 15, 8, 17, 21, 12, 23, 12, 4, 21, 9, 5, 16, 6, 7, 7]",
"[2, 14, 29, 22, 26, 11, 5, 5, 18, 23, 29, 3, 18, 18, 7, 24, 21, 21, 21, 11, 8, 7, 4, 27, 24, 17, 18, 8, 7, 24]",
"[24, 25, 30, 23, 10, 23, 4, 24, 19, 5, 10, 21, 14, 17, 14, 28, 22, 25, 27, 7, 9, 23, 16, 12, 3, 29, 21, 20, 18, 8]",
"[14, 12, 14, 18, 26, 5, 17, 8, 19, 4, 14, 5, 9, 29, 21, 6, 15, 23, 11, 11, 6, 10, 5, 12, 29, 30, 24, 16, 10, 12]",
"[16, 29, 9, 11, 20, 29, 4, 14, 8, 20, 17, 12, 17, 10, 7, 13, 7, 14, 11, 12, 8, 2, 6, 15, 13, 17, 12, 5, 12, 3]",
"[22, 8, 13, 21, 2, 7, 16, 20, 18, 24, 30, 5, 13, 28, 25, 13, 10, 7, 17, 17, 30, 12, 22, 3, 2, 11, 5, 30, 28, 5]",
"[15, 21, 9, 25, 4, 15, 12, 11, 6, 7, 13, 5, 4, 5, 24, 25, 3, 25, 4, 10, 26, 8, 26, 7, 17, 3, 28, 13, 24, 5]",
"[25, 9, 26, 3, 18, 20, 8, 24, 9, 11, 10, 19, 6, 21, 21, 24, 27, 16, 26, 14, 9, 28, 12, 23, 18, 13, 17, 14, 15, 11]",
"[4, 27, 30, 23, 30, 9, 20, 14, 12, 19, 4, 25, 20, 16, 14, 17, 19, 26, 29, 12, 13, 24, 3, 7, 25, 30, 30, 21, 10, 30]",
"[20, 26, 9, 22, 12, 7, 28, 4, 18, 29, 23, 23, 12, 15, 21, 29, 14, 3, 23, 19, 23, 25, 30, 26, 22, 15, 2, 11, 16, 25]",
"[2, 6, 21, 24, 17, 23, 8, 29, 27, 25, 3, 29, 16, 7, 3, 3, 18, 23, 15, 16, 17, 26, 9, 12, 16, 5, 4, 3, 13, 23]",
"[18, 13, 29, 29, 3, 29, 27, 17, 12, 18, 23, 12, 27, 11, 16, 27, 12, 11, 15, 2, 12, 9, 12, 4, 25, 20, 20, 29, 5, 11]",
"[11, 28, 5, 15, 5, 27, 25, 9, 28, 8, 19, 23, 5, 6, 12, 28, 15, 2, 27, 7, 8, 22, 30, 22, 15, 5, 29, 7, 9, 27]",
"[8, 23, 28, 21, 12, 25, 12, 3, 28, 20, 13, 20, 10, 30, 17, 9, 28, 27, 30, 18, 12, 21, 18, 7, 26, 15, 25, 19, 22, 25]",
"[16, 9, 5, 23, 3, 26, 24, 14, 6, 5, 29, 8, 19, 30, 2, 8, 13, 3, 12, 4, 13, 27, 4, 17, 4, 12, 14, 29, 4, 16]",
"[9, 5, 23, 30, 18, 5, 20, 22, 10, 12, 29, 11, 23, 30, 27, 10, 21, 5, 21, 27, 28, 23, 26, 30, 15, 4, 30, 24, 23, 30]",
"[6, 19, 8, 6, 29, 12, 4, 10, 5, 28, 28, 19, 4, 17, 12, 8, 4, 26, 15, 16, 12, 9, 27, 3, 12, 17, 11, 10, 13, 15]",
"[5, 4, 8, 29, 15, 19, 2, 14, 5, 4, 28, 27, 6, 14, 16, 3, 9, 2, 8, 20, 30, 11, 9, 15, 4, 7, 20, 19, 24, 13]",
"[14, 5, 4, 3, 19, 15, 4, 15, 16, 22, 21, 9, 8, 19, 25, 2, 4, 23, 5, 25, 25, 11, 2, 21, 29, 13, 19, 15, 11, 27]",
"[8, 20, 21, 29, 19, 25, 13, 14, 20, 25, 2, 8, 27, 19, 3, 11, 27, 17, 18, 8, 3, 24, 12, 27, 22, 13, 21, 13, 25, 9]",
"[27, 18, 12, 8, 25, 19, 23, 3, 13, 22, 28, 21, 22, 22, 12, 3, 7, 12, 24, 15, 12, 15, 14, 14, 7, 3, 16, 24, 24, 10]",
"[13, 30, 15, 18, 11, 22, 9, 19, 4, 25, 13, 24, 5, 6, 23, 12, 28, 16, 10, 4, 7, 6, 25, 2, 28, 9, 11, 5, 8, 26]",
"[4, 23, 13, 3, 5, 9, 13, 13, 4, 21, 17, 4, 24, 21, 17, 18, 3, 28, 24, 4, 27, 25, 8, 4, 30, 3, 15, 21, 21, 27]",
"[2, 29, 19, 21, 30, 5, 24, 16, 10, 24, 14, 11, 6, 2, 28, 28, 3, 30, 9, 25, 8, 22, 5, 8, 3, 25, 25, 15, 11, 14]",
"[29, 20, 5, 8, 26, 25, 29, 26, 3, 28, 27, 15, 4, 19, 14, 18, 25, 24, 20, 27, 30, 28, 9, 20, 6, 16, 14, 24, 5, 12]",
"[10, 2, 20, 12, 14, 7, 8, 9, 8, 22, 11, 16, 20, 3, 23, 2, 5, 4, 18, 28, 23, 19, 15, 19, 28, 5, 23, 19, 8, 22]",
"[10, 23, 7, 11, 7, 17, 25, 7, 4, 27, 29, 20, 4, 29, 30, 8, 22, 25, 11, 23, 24, 17, 29, 18, 2, 29, 17, 10, 23, 30]",
"[23, 14, 25, 28, 8, 4, 21, 9, 23, 21, 13, 27, 26, 13, 10, 12, 30, 24, 13, 17, 15, 26, 6, 17, 12, 11, 16, 21, 29, 19]",
"[17, 17, 20, 18, 25, 29, 29, 2, 3, 4, 24, 6, 5, 5, 21, 23, 27, 18, 25, 13, 25, 18, 7, 25, 27, 11, 8, 15, 22, 24]",
"[6, 12, 16, 26, 20, 3, 9, 10, 9, 6, 4, 6, 29, 13, 28, 5, 19, 19, 18, 26, 29, 3, 28, 23, 17, 3, 9, 25, 7, 18]",
"[9, 30, 15, 5, 21, 28, 2, 24, 30, 8, 13, 15, 13, 10, 17, 28, 7, 25, 8, 5, 29, 4, 11, 21, 11, 13, 26, 4, 10, 18]",
"[5, 10, 19, 21, 16, 9, 6, 17, 12, 20, 17, 8, 22, 2, 14, 24, 4, 16, 13, 26, 13, 9, 11, 22, 5, 6, 18, 15, 24, 14]",
"[20, 20, 10, 17, 27, 20, 11, 14, 20, 27, 13, 22, 15, 19, 5, 24, 9, 16, 15, 29, 20, 6, 5, 3, 28, 25, 26, 21, 2, 15]",
"[10, 25, 5, 21, 13, 2, 4, 8, 7, 9, 21, 23, 10, 4, 27, 7, 21, 2, 3, 26, 2, 4, 23, 21, 27, 23, 20, 27, 6, 10]",
"[25, 17, 18, 26, 30, 28, 5, 20, 6, 16, 22, 18, 22, 14, 14, 27, 27, 10, 24, 27, 17, 24, 6, 25, 17, 15, 15, 19, 11, 3]",
"[7, 9, 26, 11, 12, 10, 20, 4, 23, 13, 23, 30, 22, 29, 26, 27, 22, 12, 11, 27, 8, 23, 13, 27, 22, 5, 20, 13, 28, 28]",
"[19, 2, 17, 22, 30, 29, 15, 30, 30, 18, 22, 8, 8, 21, 18, 12, 5, 19, 4, 23, 26, 13, 3, 26, 4, 11, 30, 5, 9, 28]",
"[21, 2, 23, 3, 22, 2, 23, 6, 30, 24, 2, 9, 28, 8, 30, 9, 21, 19, 14, 18, 2, 13, 2, 25, 20, 21, 30, 22, 10, 26]",
"[25, 27, 9, 10, 4, 30, 29, 16, 16, 14, 19, 19, 11, 18, 13, 17, 6, 3, 30, 21, 9, 14, 8, 24, 2, 29, 20, 22, 30, 11]",
"[14, 16, 4, 24, 27, 9, 22, 8, 14, 22, 14, 15, 5, 17, 14, 18, 19, 13, 16, 23, 20, 19, 8, 13, 18, 9, 4, 24, 3, 14]",
"[5, 29, 18, 9, 3, 21, 23, 17, 13, 20, 28, 2, 20, 27, 20, 18, 21, 24, 11, 2, 25, 20, 2, 16, 15, 3, 18, 14, 4, 5]",
"[7, 14, 5, 30, 2, 13, 8, 7, 17, 21, 27, 24, 14, 30, 29, 19, 19, 26, 6, 15, 18, 23, 19, 23, 30, 14, 4, 25, 23, 24]",
"[22, 7, 19, 13, 14, 11, 18, 14, 5, 19, 4, 11, 16, 23, 6, 11, 28, 9, 27, 17, 23, 8, 25, 29, 8, 14, 20, 19, 29, 15]",
"[3, 3, 17, 30, 11, 2, 13, 15, 6, 19, 28, 17, 24, 9, 22, 4, 23, 20, 3, 26, 13, 29, 9, 12, 19, 5, 27, 26, 12, 12]",
"[25, 14, 25, 30, 28, 25, 15, 6, 8, 14, 9, 13, 24, 12, 6, 10, 15, 3, 5, 22, 20, 10, 22, 13, 8, 23, 29, 21, 15, 16]",
"[28, 30, 6, 22, 16, 10, 4, 21, 20, 19, 25, 28, 14, 15, 14, 30, 2, 9, 25, 13, 19, 10, 23, 21, 15, 7, 2, 22, 9, 9]",
"[25, 18, 11, 29, 9, 24, 6, 25, 28, 6, 25, 9, 30, 2, 20, 13, 21, 24, 20, 4, 12, 14, 17, 12, 6, 28, 18, 24, 25, 8]",
"[4, 16, 16, 22, 27, 16, 9, 27, 25, 15, 11, 12, 29, 5, 10, 17, 6, 23, 3, 24, 16, 24, 23, 3, 30, 23, 23, 11, 16, 24]",
"[18, 28, 13, 4, 29, 10, 11, 14, 8, 16, 5, 7, 24, 29, 22, 5, 4, 22, 20, 11, 23, 16, 12, 13, 8, 20, 29, 15, 29, 29]",
"[29, 19, 8, 21, 12, 23, 11, 4, 19, 5, 23, 30, 26, 4, 28, 4, 26, 16, 23, 15, 28, 29, 29, 6, 13, 29, 4, 9, 2, 20]",
"[4, 9, 20, 29, 8, 12, 20, 13, 23, 18, 29, 9, 15, 2, 3, 6, 23, 20, 14, 14, 5, 8, 9, 13, 19, 12, 5, 22, 8, 16]",
"[28, 9, 10, 10, 5, 17, 3, 4, 4, 25, 29, 21, 3, 18, 25, 2, 11, 19, 14, 30, 30, 30, 5, 28, 7, 21, 16, 11, 8, 28]",
"[13, 13, 24, 21, 19, 25, 24, 2, 3, 19, 25, 2, 22, 29, 23, 26, 28, 29, 10, 19, 26, 3, 5, 17, 13, 6, 16, 22, 4, 29]",
"[22, 25, 9, 23, 4, 2, 19, 27, 17, 11, 5, 8, 12, 30, 14, 13, 11, 28, 24, 6, 6, 15, 19, 7, 29, 14, 13, 3, 13, 17]",
"[25, 18, 2, 25, 9, 25, 16, 19, 3, 10, 22, 10, 8, 28, 17, 25, 11, 25, 8, 19, 9, 26, 9, 15, 8, 20, 27, 4, 14, 9]",
"[9, 9, 29, 6, 28, 11, 18, 11, 3, 26, 9, 14, 22, 25, 30, 5, 17, 18, 21, 8, 12, 28, 2, 14, 8, 4, 30, 25, 17, 27]",
"[15, 3, 30, 2, 11, 5, 9, 28, 8, 21, 4, 3, 16, 4, 13, 30, 2, 25, 20, 17, 8, 21, 28, 26, 14, 7, 7, 25, 30, 2]",
"[28, 15, 18, 8, 18, 4, 25, 19, 15, 29, 4, 27, 12, 27, 23, 26, 28, 24, 16, 21, 21, 29, 22, 9, 10, 17, 25, 26, 13, 3]",
"[8, 29, 10, 13, 11, 5, 15, 24, 5, 8, 6, 5, 26, 13, 26, 26, 22, 21, 23, 12, 18, 21, 24, 5, 24, 2, 12, 4, 6, 18]",
"[15, 15, 11, 26, 13, 12, 12, 22, 14, 14, 17, 5, 7, 7, 29, 11, 21, 18, 8, 4, 20, 29, 7, 22, 6, 15, 19, 12, 7, 21]",
"[14, 13, 15, 22, 27, 22, 30, 30, 28, 12, 14, 13, 15, 4, 29, 25, 21, 8, 20, 20, 19, 9, 20, 23, 4, 3, 21, 12, 16, 13]",
"[5, 19, 10, 21, 16, 15, 12, 24, 13, 5, 7, 10, 22, 9, 28, 14, 27, 22, 7, 13, 19, 26, 7, 27, 7, 4, 25, 12, 6, 13]",
"[10, 19, 28, 8, 11, 9, 10, 16, 23, 5, 7, 20, 5, 2, 5, 16, 23, 30, 30, 28, 12, 15, 23, 4, 2, 9, 2, 11, 25, 6]",
