Levels_List_Python,AllPairsPy_Count,AllPairsPy_Time,NWisePy_Count,NWisePy_Time,TestFlows_Count,TestFlows_Time,ACTS_Count,ACTS_Time,Jenny_Count,Jenny_Time,PICT_Count,PICT_Time,QuadCA_Count,sum_levels
"[13, 10, 20, 11, 28, 28, 2, 25, 20, 21, 11, 28, 14, 25, 15, 26, 18, 4, 24, 15, 2, 18, 17, 5, 16, 10, 25, 27, 24, 2]",1253,29.372794989030808,1619,16.22676173999207,1304,14.97774824500084,1012,0.423182722995989,1093,5.347178099968005,1114,1.4675644609960727,939,504
"[22, 16, 29, 13, 2, 27, 19, 19, 5, 16, 25, 20, 21, 19, 2, 24, 11, 27, 26, 11, 23, 22, 21, 8, 29, 29, 26, 16, 22, 12]",1390,42.82533397898078,1652,18.02255987195531,1450,20.272325430007182,1052,0.5105612439801916,1188,7.646936375997029,1187,1.8876510600093752,1004,562
"[27, 29, 8, 22, 19, 8, 29, 21, 7, 15, 17, 14, 9, 19, 27, 16, 12, 17, 22, 18, 3, 2, 29, 3, 28, 11, 12, 18, 8, 7]",1274,27.792675742995925,1277,16.211860625015106,1236,12.715962298971135,1006,0.442973728000652,1122,4.295034451992251,1115,1.300544561992865,965,477
"[13, 17, 12, 5, 7, 10, 24, 23, 13, 6, 2, 27, 9, 19, 19, 19, 24, 23, 9, 8, 18, 30, 9, 13, 15, 8, 10, 22, 27, 24]",1196,32.46823158103507,1490,11.212729864986612,1204,12.985766323981808,912,0.403156234009657,1023,3.751830505032558,1014,1.1394864799804054,870,465
"[18, 9, 17, 2, 3, 11, 23, 10, 10, 12, 10, 4, 29, 5, 24, 16, 19, 17, 28, 11, 23, 7, 15, 24, 27, 20, 3, 11, 21, 7]",1117,27.580986512009986,1393,9.866047101037111,1139,11.73122090502875,873,0.4084379449486732,1013,3.0742793829995207,989,0.9756612700293772,861,436
"[20, 26, 19, 25, 18, 26, 9, 11, 29, 4, 5, 7, 10, 5, 2, 15, 19, 11, 14, 13, 20, 14, 7, 25, 24, 9, 22, 4, 6, 5]",1038,22.160750111972447,1147,10.18948920199182,1075,9.871468896977603,858,0.414567687024828,968,2.714296648046002,954,0.8935370960389264,820,424
"[10, 20, 16, 20, 30, 28, 28, 21, 16, 2, 17, 23, 22, 20, 24, 8, 15, 11, 2, 23, 18, 11, 4, 7, 9, 17, 23, 7, 20, 2]",1054,22.76664592605084,1355,10.45074650400784,1162,11.826220375020055,913,0.449508394987788,1072,4.070977433002554,1007,1.191360779979732,904,474
"[10, 2, 20, 30, 5, 24, 29, 22, 15, 24, 19, 13, 8, 29, 22, 6, 7, 2, 4, 7, 6, 27, 23, 18, 14, 29, 2, 24, 13, 2]",1308,29.978755165997427,1712,16.006717612966895,1312,13.68371120496886,1018,0.4455111080314964,1155,3.909668375970796,1133,1.2212076089926995,994,456
"[4, 2, 18, 26, 20, 7, 4, 5, 25, 10, 8, 26, 24, 18, 14, 24, 7, 3, 16, 21, 25, 21, 25, 21, 7, 10, 9, 24, 25, 5]",1117,29.145995102997404,1545,14.706274250987915,1182,12.402020001027267,907,0.4492664629942737,962,3.742687352991197,999,1.0843873390113004,847,454
"[20, 18, 25, 15, 4, 4, 11, 12, 17, 11, 14, 2, 30, 9, 14, 13, 14, 28, 16, 4, 23, 27, 2, 8, 25, 15, 5, 24, 12, 12]",1101,26.87128841603408,1298,10.482580901007168,1165,11.615557689976413,910,0.4108626910019666,1028,2.9491271440056157,1030,1.0164083400159143,883,434
"[7, 5, 3, 16, 22, 29, 19, 25, 8, 20, 24, 17, 25, 8, 6, 29, 11, 5, 11, 23, 6, 20, 21, 3, 7, 20, 17, 5, 11, 11]",1102,24.845179868978448,1397,11.20378363999771,1075,11.183159239008091,889,0.3768528620130382,1009,2.968519875954371,965,0.9444862130330876,862,434
"[5, 28, 3, 19, 5, 26, 4, 4, 26, 14, 5, 9, 17, 13, 11, 9, 6, 12, 21, 4, 26, 4, 9, 13, 22, 26, 12, 18, 15, 8]",1044,24.613014930975623,1334,7.507812971016392,1020,9.542405508982483,801,0.3787253919872455,944,2.1963835600181483,917,0.7561824549920857,820,394
"[29, 15, 24, 5, 26, 4, 8, 5, 17, 19, 8, 8, 2, 12, 24, 9, 19, 16, 5, 18, 25, 11, 27, 11, 29, 6, 10, 28, 24, 24]",1258,38.54538609000156,1505,13.644639157981146,1279,14.392261826025788,1001,0.4264005210134201,1097,4.233801842026878,1130,1.2687410279759206,938,468
"[22, 22, 5, 21, 14, 10, 28, 18, 14, 21, 30, 8, 28, 26, 12, 10, 27, 30, 24, 17, 3, 2, 16, 11, 26, 15, 28, 20, 18, 3]",1358,36.87584610696649,1640,15.162328982027248,1407,17.56735409301473,1086,0.4784160889685154,1192,6.1725704109994695,1209,1.705027656047605,1023,529
"[27, 6, 7, 10, 19, 13, 28, 9, 11, 27, 19, 6, 22, 22, 6, 18, 28, 14, 10, 27, 2, 30, 20, 4, 22, 14, 3, 2, 28, 23]",1300,33.61743691499578,1704,14.746745298034512,1326,15.026733411010357,1024,0.4197039999999106,1132,4.547935137001332,1149,1.33718376501929,985,477
"[19, 28, 21, 21, 20, 6, 15, 10, 27, 19, 6, 25, 17, 28, 8, 30, 23, 7, 17, 10, 5, 29, 2, 13, 16, 10, 28, 6, 21, 3]",1316,31.829714876017533,1501,12.76646035601152,1319,14.185403352952562,1030,0.4189029710250906,1142,4.725111002044287,1165,1.4508635340025648,988,490
"[7, 9, 3, 17, 8, 4, 24, 28, 24, 30, 29, 6, 27, 16, 21, 26, 11, 27, 13, 6, 23, 10, 15, 23, 23, 15, 6, 2, 20, 28]",1349,37.41756767401239,1782,19.45488487597322,1345,16.004683390958235,1077,0.4364147760206833,1167,5.310327463026624,1166,1.4945282080443576,1006,501
"[19, 13, 12, 9, 20, 22, 2, 22, 29, 3, 11, 11, 10, 20, 13, 26, 16, 14, 10, 16, 21, 12, 4, 3, 3, 9, 12, 3, 23, 5]",944,17.78746882401174,1136,5.96019518194953,961,7.924781358044129,789,0.3491307649528608,882,2.016979296982754,862,0.7106173959909938,763,393
"[26, 13, 21, 2, 3, 22, 23, 15, 29, 13, 9, 10, 26, 29, 7, 3, 25, 7, 2, 18, 17, 28, 24, 12, 16, 7, 17, 7, 16, 28]",1290,34.20177435403457,1588,12.3652751360205,1276,14.450464939000083,1011,0.4058525739819743,1113,4.359151646029204,1128,1.3009864530176856,953,475
"[10, 28, 29, 6, 13, 28, 19, 21, 19, 25, 4, 14, 28, 6, 20, 24, 15, 6, 20, 14, 13, 28, 25, 6, 2, 7, 9, 12, 13, 26]",1253,32.592955588013865,1629,12.71867700299481,1285,13.782410711981356,1002,0.4048244039877318,1119,4.774217291967943,1126,1.378019800002221,965,490
"[29, 26, 20, 16, 16, 27, 5, 13, 12, 12, 10, 30, 27, 2, 19, 17, 8, 23, 28, 6, 16, 30, 8, 17, 10, 15, 9, 17, 4, 10]",1356,32.96317171800183,1329,15.84631078800885,1270,13.481255377002526,1042,0.4423105209716595,1150,4.334572874009609,1165,1.3800140410312451,988,482
"[23, 25, 2, 29, 13, 9, 10, 14, 6, 9, 3, 2, 20, 28, 30, 15, 30, 4, 13, 25, 3, 25, 17, 6, 9, 7, 14, 4, 9, 19]",1213,27.3763179940288,1355,11.351647296978626,1183,11.52509473497048,987,0.3841988799977116,1131,2.856168412952684,1090,1.01115433301311,968,423
"[21, 28, 22, 18, 3, 5, 7, 11, 23, 18, 13, 5, 27, 24, 9, 4, 17, 4, 19, 26, 14, 3, 12, 19, 3, 6, 26, 6, 26, 10]",1133,27.123415031004697,1213,11.985860660963226,1144,10.74245305696968,885,0.4117681419593282,983,3.039134002989158,1006,0.966932056006044,846,429
"[18, 5, 12, 30, 6, 28, 30, 18, 5, 14, 10, 9, 23, 29, 4, 4, 24, 19, 25, 8, 23, 18, 19, 16, 29, 16, 28, 18, 9, 5]",1359,41.29793201299617,1780,17.234589405998122,1372,16.612719127035234,1080,0.4289060410228558,1204,5.307643290027045,1179,1.5517008090391755,1037,502
"[21, 16, 21, 13, 19, 17, 25, 11, 26, 9, 13, 23, 23, 13, 25, 13, 15, 12, 13, 2, 18, 15, 13, 14, 28, 14, 23, 24, 29, 24]",1289,45.2090392470127,1507,13.96649503899971,1291,16.189395978988614,947,0.422287043009419,1059,5.889176660974044,1071,1.5418829600093886,891,532
"[15, 19, 8, 3, 22, 12, 10, 14, 4, 28, 5, 15, 28, 2, 11, 30, 3, 16, 2, 2, 7, 18, 26, 10, 16, 9, 10, 28, 23, 24]",1168,32.8117689070059,1482,9.718690306995995,1187,12.134696936991531,934,0.4061487229773775,1077,2.803303735970985,1072,1.0196305110002868,921,420
"[17, 15, 13, 16, 7, 17, 21, 15, 16, 27, 12, 7, 18, 16, 12, 20, 15, 6, 20, 5, 3, 20, 8, 27, 23, 10, 23, 12, 7, 13]",989,22.59655144700082,1148,7.829430867044721,1018,9.678869728988502,760,0.367208190029487,871,2.920639661955647,878,0.8984460050123744,741,441
"[14, 28, 12, 4, 19, 9, 16, 15, 16, 21, 22, 30, 20, 12, 8, 19, 9, 16, 29, 4, 24, 15, 5, 22, 4, 9, 5, 6, 23, 24]",1139,26.170374263019767,1371,10.354738509980962,1193,12.389747207984328,915,0.4063012389815412,1064,3.683189267991111,1023,1.119303812040016,916,460
"[11, 6, 10, 15, 7, 12, 21, 3, 18, 15, 22, 20, 23, 29, 2, 2, 16, 9, 30, 2, 30, 25, 8, 15, 12, 27, 13, 22, 23, 19]",1204,33.69632444303716,1584,14.386336958035828,1264,14.856906961998902,970,0.4020140750217251,1132,3.8649132680147886,1125,1.265839561005123,962,467
"[23, 28, 21, 19, 17, 6, 16, 3, 27, 16, 27, 8, 26, 15, 20, 29, 4, 16, 30, 24, 20, 12, 26, 26, 24, 15, 28, 3, 15, 15]",1385,42.24762254703092,1574,18.782020541024394,1436,18.71702484600246,1105,0.4629914360120892,1198,7.505934946006164,1234,1.9288581819855608,1035,559
"[27, 11, 28, 27, 21, 9, 8, 10, 23, 30, 9, 19, 14, 15, 4, 26, 25, 10, 15, 22, 24, 25, 11, 29, 10, 11, 27, 14, 10, 24]",1353,39.96739318000618,1740,16.58474473102251,1405,17.997036987973843,1091,0.5347933230223134,1178,6.499956270039547,1200,1.753692400001455,1011,538
"[18, 19, 4, 11, 8, 9, 28, 19, 10, 24, 25, 2, 23, 14, 11, 4, 19, 2, 28, 15, 15, 28, 4, 26, 19, 3, 12, 21, 27, 28]",1278,35.80945369100664,1602,13.205297732027248,1318,14.709338449989446,987,0.4143757209531031,1096,4.4860793449915946,1134,1.3326732919667847,941,476
"[16, 3, 18, 22, 7, 12, 14, 8, 13, 11, 15, 30, 26, 2, 6, 4, 9, 26, 6, 27, 30, 25, 15, 6, 18, 17, 10, 10, 14, 13]",1186,28.052427393966354,1503,10.661423919955269,1166,12.042403782019392,958,0.3915569739765487,1074,2.930185936042108,1067,1.0393719840212725,929,433
"[28, 4, 23, 20, 12, 24, 16, 16, 6, 16, 12, 2, 6, 2, 15, 30, 28, 15, 2, 23, 20, 24, 14, 26, 6, 30, 10, 17, 22, 4]",1338,34.83718903397676,1668,15.487391214002855,1297,14.269478329981212,1001,0.4414872760535218,1135,4.369604520965368,1146,1.3201176449656489,972,473
"[5, 2, 28, 16, 16, 20, 16, 18, 14, 23, 25, 15, 12, 16, 21, 12, 14, 2, 14, 3, 24, 21, 13, 20, 26, 6, 18, 13, 11, 21]",1065,27.35504529200261,1344,13.620657312043477,1075,11.723605747974943,802,0.4179378290427848,939,3.794247237034142,921,1.03030697099166,773,465
"[3, 6, 14, 4, 19, 13, 16, 30, 14, 11, 22, 9, 17, 28, 15, 13, 7, 5, 26, 7, 29, 29, 3, 25, 28, 3, 7, 15, 10, 3]",1257,28.486739092040807,1670,11.664887574966995,1295,12.67415620898828,1032,0.4119971189647913,1130,3.108550888020545,1144,1.0950612959568389,976,431
"[9, 24, 11, 29, 22, 9, 21, 21, 3, 26, 11, 23, 16, 3, 12, 10, 21, 24, 21, 3, 5, 20, 9, 18, 18, 8, 6, 2, 22, 9]",982,21.778272925992496,1295,8.77529673097888,1035,9.858306868991347,854,0.4149063249933533,947,3.096369352017064,915,0.9100550869479777,792,436
"[21, 9, 3, 20, 15, 14, 14, 8, 12, 19, 16, 9, 11, 9, 8, 15, 8, 17, 21, 12, 23, 12, 4, 21, 9, 5, 16, 6, 7, 7]",751,14.113723106042016,881,4.290577294013929,735,5.930620278988499,555,0.3633807460428215,652,1.569346136006061,645,0.4861716010491363,544,371
"[2, 14, 29, 22, 26, 11, 5, 5, 18, 23, 29, 3, 18, 18, 7, 24, 21, 21, 21, 11, 8, 7, 4, 27, 24, 17, 18, 8, 7, 24]",1164,30.551197860040705,1577,16.576769839040935,1208,13.390226202027408,951,0.3895376240252517,1075,4.27361250697868,1053,1.2102039680466987,899,472
"[24, 25, 30, 23, 10, 23, 4, 24, 19, 5, 10, 21, 14, 17, 14, 28, 22, 25, 27, 7, 9, 23, 16, 12, 3, 29, 21, 20, 18, 8]",1339,39.12104543100577,1332,18.10295915801544,1317,16.153454443032388,1017,0.4707391199772246,1148,6.216856541053858,1133,1.617186484974809,968,531
"[14, 12, 14, 18, 26, 5, 17, 8, 19, 4, 14, 5, 9, 29, 21, 6, 15, 23, 11, 11, 6, 10, 5, 12, 29, 30, 24, 16, 10, 12]",1207,31.05283221998252,1415,9.02077578002354,1191,11.96996290498646,907,0.3939651340479031,1064,2.901839998026844,1057,1.046733874012716,938,435
"[16, 29, 9, 11, 20, 29, 4, 14, 8, 20, 17, 12, 17, 10, 7, 13, 7, 14, 11, 12, 8, 2, 6, 15, 13, 17, 12, 5, 12, 3]",866,15.43596021400299,865,6.895515270007309,878,7.114484730991535,857,0.356390408007428,914,1.560362507996615,841,0.6376175290206447,841,373
"[22, 8, 13, 21, 2, 7, 16, 20, 18, 24, 30, 5, 13, 28, 25, 13, 10, 7, 17, 17, 30, 12, 22, 3, 2, 11, 5, 30, 28, 5]",1343,34.479803772992454,1724,12.697568448027596,1354,14.119363147998229,1017,0.4172368759755045,1166,4.052658226981293,1187,1.308615809015464,1002,464
"[15, 21, 9, 25, 4, 15, 12, 11, 6, 7, 13, 5, 4, 5, 24, 25, 3, 25, 4, 10, 26, 8, 26, 7, 17, 3, 28, 13, 24, 5]",1128,26.96678115997929,1371,8.609538474993315,1113,10.185922572971322,901,0.4160638059838675,950,2.371068635955453,993,0.8386520150233991,834,400
"[25, 9, 26, 3, 18, 20, 8, 24, 9, 11, 10, 19, 6, 21, 21, 24, 27, 16, 26, 14, 9, 28, 12, 23, 18, 13, 17, 14, 15, 11]",1183,33.687322432990186,1463,12.402009996993002,1158,13.82861414598301,899,0.4682348860078491,1009,4.6409246629918925,1020,1.2832631819765083,861,497
"[4, 27, 30, 23, 30, 9, 20, 14, 12, 19, 4, 25, 20, 16, 14, 17, 19, 26, 29, 12, 13, 24, 3, 7, 25, 30, 30, 21, 10, 30]",1535,54.63578868698096,2043,26.492238674953114,1565,20.54838275403017,1166,0.5321149660157971,1285,7.957137154997326,1318,2.088240701006725,1115,563
"[20, 26, 9, 22, 12, 7, 28, 4, 18, 29, 23, 23, 12, 15, 21, 29, 14, 3, 23, 19, 23, 25, 30, 26, 22, 15, 2, 11, 16, 25]",1380,44.87475098803407,1607,17.038518047018442,1427,18.66378870402696,1076,0.4862995019648224,1190,7.21125228801975,1199,1.8395524970255792,1013,552
"[2, 6, 21, 24, 17, 23, 8, 29, 27, 25, 3, 29, 16, 7, 3, 3, 18, 23, 15, 16, 17, 26, 9, 12, 16, 5, 4, 3, 13, 23]",1125,26.343248971970752,1519,13.929974785016384,1144,11.505313279980328,941,0.3975608119508251,1051,3.31253886903869,1039,1.052890537015628,900,443
"[18, 13, 29, 29, 3, 29, 27, 17, 12, 18, 23, 12, 27, 11, 16, 27, 12, 11, 15, 2, 12, 9, 12, 4, 25, 20, 20, 29, 5, 11]",1350,36.3521751370281,1625,12.385688605019824,1325,14.696846862032544,1054,0.4457901929854415,1164,4.971227985050064,1137,1.4358969709719531,997,498
"[11, 28, 5, 15, 5, 27, 25, 9, 28, 8, 19, 23, 5, 6, 12, 28, 15, 2, 27, 7, 8, 22, 30, 22, 15, 5, 29, 7, 9, 27]",1368,39.9544544609962,1787,14.097399337042589,1396,15.373247006034944,1100,0.431902521988377,1176,4.613749956013635,1207,1.432411639019847,1023,479
"[8, 23, 28, 21, 12, 25, 12, 3, 28, 20, 13, 20, 10, 30, 17, 9, 28, 27, 30, 18, 12, 21, 18, 7, 26, 15, 25, 19, 22, 25]",1350,49.84594060701784,1842,22.436953155032825,1429,20.291106300021056,1102,0.5085018409881741,1224,7.847113366995472,1233,2.0354620469734077,1039,572
"[16, 9, 5, 23, 3, 26, 24, 14, 6, 5, 29, 8, 19, 30, 2, 8, 13, 3, 12, 4, 13, 27, 4, 17, 4, 12, 14, 29, 4, 16]",1214,28.132300799014047,1534,8.50475009396905,1163,10.533717732992956,943,0.3751185109722428,1076,2.350909107015468,1078,0.9072630149894394,936,399
"[9, 5, 23, 30, 18, 5, 20, 22, 10, 12, 29, 11, 23, 30, 27, 10, 21, 5, 21, 27, 28, 23, 26, 30, 15, 4, 30, 24, 23, 30]",1567,56.1099528579507,2159,31.31373141298536,1653,24.298465121013574,1215,0.556655218009837,1327,9.566197632986588,1365,2.3848153889994137,1154,591
"[6, 19, 8, 6, 29, 12, 4, 10, 5, 28, 28, 19, 4, 17, 12, 8, 4, 26, 15, 16, 12, 9, 27, 3, 12, 17, 11, 10, 13, 15]",1074,22.82013231399469,1343,7.669535517983604,1055,10.317394773999697,909,0.3919145700056106,1009,2.279090691008605,987,0.868563415016979,881,405
"[5, 4, 8, 29, 15, 19, 2, 14, 5, 4, 28, 27, 6, 14, 16, 3, 9, 2, 8, 20, 30, 11, 9, 15, 4, 7, 20, 19, 24, 13]",1145,25.241045412956737,1402,8.208886912034359,1097,10.5466788780177,895,0.3599470179760828,1041,2.14755111199338,999,0.793517537007574,910,390
"[14, 5, 4, 3, 19, 15, 4, 15, 16, 22, 21, 9, 8, 19, 25, 2, 4, 23, 5, 25, 25, 11, 2, 21, 29, 13, 19, 15, 11, 27]",1153,30.961918418004643,1485,11.674362187972292,1148,11.821527911990415,862,0.3952209409908391,976,3.0722568460041657,985,0.9569060649955644,828,431
"[8, 20, 21, 29, 19, 25, 13, 14, 20, 25, 2, 8, 27, 19, 3, 11, 27, 17, 18, 8, 3, 24, 12, 27, 22, 13, 21, 13, 25, 9]",1197,32.45180589100346,1572,14.12196895800298,1276,15.400319976033645,947,0.452103437972255,1072,5.148711154004559,1086,1.4218452509958297,907,503
"[27, 18, 12, 8, 25, 19, 23, 3, 13, 22, 28, 21, 22, 22, 12, 3, 7, 12, 24, 15, 12, 15, 14, 14, 7, 3, 16, 24, 24, 10]",1080,26.37386759801302,1244,11.248746363969984,1119,11.85459910199279,890,0.4184377280180342,973,4.088812952977605,998,1.1701662879786454,827,475
"[13, 30, 15, 18, 11, 22, 9, 19, 4, 25, 13, 24, 5, 6, 23, 12, 28, 16, 10, 4, 7, 6, 25, 2, 28, 9, 11, 5, 8, 26]",1196,25.935710950987414,1473,9.582221779040992,1226,11.593261287955102,946,0.3985575760016218,1054,3.139300053997431,1077,1.0500349160283804,909,434
"[4, 23, 13, 3, 5, 9, 13, 13, 4, 21, 17, 4, 24, 21, 17, 18, 3, 28, 24, 4, 27, 25, 8, 4, 30, 3, 15, 21, 21, 27]",1254,34.33914172096411,1651,13.945999563031364,1247,13.443953148031142,953,0.4274407409830019,1075,3.6752364140120335,1087,1.1433811070164666,909,449
"[2, 29, 19, 21, 30, 5, 24, 16, 10, 24, 14, 11, 6, 2, 28, 28, 3, 30, 9, 25, 8, 22, 5, 8, 3, 25, 25, 15, 11, 14]",1277,31.255363497999497,1775,17.735529978002887,1322,14.82192879600916,1070,0.4394325829925947,1183,4.345075350021944,1176,1.341848211013712,1010,472
"[29, 20, 5, 8, 26, 25, 29, 26, 3, 28, 27, 15, 4, 19, 14, 18, 25, 24, 20, 27, 30, 28, 9, 20, 6, 16, 14, 24, 5, 12]",1425,40.78348906501196,1647,19.01715798699297,1456,19.051805145980325,1163,0.5897946420009248,1227,7.579146011965349,1244,1.9293067999533375,1070,556
"[10, 2, 20, 12, 14, 7, 8, 9, 8, 22, 11, 16, 20, 3, 23, 2, 5, 4, 18, 28, 23, 19, 15, 19, 28, 5, 23, 19, 8, 22]",1062,27.43918503198074,1347,11.059325369016731,1072,10.720640452986116,830,0.390515653998591,939,2.7606415059999563,928,0.8742342959740199,795,423
"[10, 23, 7, 11, 7, 17, 25, 7, 4, 27, 29, 20, 4, 29, 30, 8, 22, 25, 11, 23, 24, 17, 29, 18, 2, 29, 17, 10, 23, 30]",1478,48.06527929898584,1973,21.18347188300686,1523,20.17138748400612,1154,0.4910187519853934,1259,6.990163790003862,1283,1.9073015610338189,1085,538
"[23, 14, 25, 28, 8, 4, 21, 9, 23, 21, 13, 27, 26, 13, 10, 12, 30, 24, 13, 17, 15, 26, 6, 17, 12, 11, 16, 21, 29, 19]",1357,40.68719812401105,1624,14.674204186012505,1333,16.95583372999681,1012,0.468551039986778,1150,5.978492626047228,1117,1.6048990110284649,970,533
"[17, 17, 20, 18, 25, 29, 29, 2, 3, 4, 24, 6, 5, 5, 21, 23, 27, 18, 25, 13, 25, 18, 7, 25, 27, 11, 8, 15, 22, 24]",1247,36.55572738405317,1501,15.714944566017948,1375,17.46919638395775,1028,0.4423560739960521,1125,5.630034078960307,1136,1.5222628050250933,956,513
"[6, 12, 16, 26, 20, 3, 9, 10, 9, 6, 4, 6, 29, 13, 28, 5, 19, 19, 18, 26, 29, 3, 28, 23, 17, 3, 9, 25, 7, 18]",1197,30.92673962598201,1586,12.151626934006345,1236,13.386418548005167,989,0.3994666259968653,1099,3.517849510011729,1107,1.1334010480204595,945,446
"[9, 30, 15, 5, 21, 28, 2, 24, 30, 8, 13, 15, 13, 10, 17, 28, 7, 25, 8, 5, 29, 4, 11, 21, 11, 13, 26, 4, 10, 18]",1264,31.784743685973808,1627,11.234383071016056,1284,13.48656187200686,1034,0.4248301269835792,1156,3.834464573999867,1150,1.255125598050654,993,460
"[5, 10, 19, 21, 16, 9, 6, 17, 12, 20, 17, 8, 22, 2, 14, 24, 4, 16, 13, 26, 13, 9, 11, 22, 5, 6, 18, 15, 24, 14]",935,22.730097930994816,1165,7.810430642042775,929,8.774958774039987,697,0.3647728629875928,821,2.5055225340183824,829,0.7655117359827273,684,418
"[20, 20, 10, 17, 27, 20, 11, 14, 20, 27, 13, 22, 15, 19, 5, 24, 9, 16, 15, 29, 20, 6, 5, 3, 28, 25, 26, 21, 2, 15]",1220,33.7959588469821,1483,12.489365995978003,1285,14.537436004029589,939,0.4297277620062232,1085,5.082757734984625,1094,1.4141296949819662,915,504
"[10, 25, 5, 21, 13, 2, 4, 8, 7, 9, 21, 23, 10, 4, 27, 7, 21, 2, 3, 26, 2, 4, 23, 21, 27, 23, 20, 27, 6, 10]",1159,29.195311193005185,1467,9.933237574005034,1165,11.2525879079476,912,0.3979095239774324,975,2.730091071978677,996,0.8920693469699472,848,411
"[25, 17, 18, 26, 30, 28, 5, 20, 6, 16, 22, 18, 22, 14, 14, 27, 27, 10, 24, 27, 17, 24, 6, 25, 17, 15, 15, 19, 11, 3]",1241,35.635945341025945,1496,14.821381350979207,1364,17.556491952971555,1036,0.4751156630227342,1145,6.76818091905443,1157,1.7607865519821644,970,548
"[7, 9, 26, 11, 12, 10, 20, 4, 23, 13, 23, 30, 22, 29, 26, 27, 22, 12, 11, 27, 8, 23, 13, 27, 22, 5, 20, 13, 28, 28]",1413,47.89480932796141,1896,21.839821524976287,1500,19.89106831100071,1121,0.5133891869918443,1197,7.24706696299836,1259,1.95290961797582,1039,551
"[19, 2, 17, 22, 30, 29, 15, 30, 30, 18, 22, 8, 8, 21, 18, 12, 5, 19, 4, 23, 26, 13, 3, 26, 4, 11, 30, 5, 9, 28]",1421,38.43100705399411,1912,22.02002195996465,1466,16.665545042953454,1123,0.4490732919657603,1237,5.637871872982942,1246,1.6162941030343063,1069,507
"[21, 2, 23, 3, 22, 2, 23, 6, 30, 24, 2, 9, 28, 8, 30, 9, 21, 19, 14, 18, 2, 13, 2, 25, 20, 21, 30, 22, 10, 26]",1370,41.13314382900717,1792,20.664982663001865,1342,16.00025009404635,1042,0.4365159370354377,1194,4.900688375986647,1169,1.413787417986896,1005,485
"[25, 27, 9, 10, 4, 30, 29, 16, 16, 14, 19, 19, 11, 18, 13, 17, 6, 3, 30, 21, 9, 14, 8, 24, 2, 29, 20, 22, 30, 11]",1429,42.67709804797778,1515,17.47267389501212,1389,15.96035462996224,1077,0.42588821798563,1213,5.368277734029107,1184,1.5313296270323915,1043,506
"[14, 16, 4, 24, 27, 9, 22, 8, 14, 22, 14, 15, 5, 17, 14, 18, 19, 13, 16, 23, 20, 19, 8, 13, 18, 9, 4, 24, 3, 14]",971,23.52681000402663,1161,8.134950320003554,988,9.522381437011065,728,0.3925420469604432,850,3.1722504489589483,810,0.8612960739992559,713,446
"[5, 29, 18, 9, 3, 21, 23, 17, 13, 20, 28, 2, 20, 27, 20, 18, 21, 24, 11, 2, 25, 20, 2, 16, 15, 3, 18, 14, 4, 5]",1083,24.48979955399409,1429,12.12515787500888,1108,11.232570607971866,873,0.4098732699640095,1033,3.634130524995271,1001,1.0795922660036013,859,453
"[7, 14, 5, 30, 2, 13, 8, 7, 17, 21, 27, 24, 14, 30, 29, 19, 19, 26, 6, 15, 18, 23, 19, 23, 30, 14, 4, 25, 23, 24]",1404,47.27854523999849,1812,22.07697062002262,1433,19.238130028010342,1096,0.4518886340083554,1229,6.636894005001523,1200,1.7592213280149736,1038,536
"[22, 7, 19, 13, 14, 11, 18, 14, 5, 19, 4, 11, 16, 23, 6, 11, 28, 9, 27, 17, 23, 8, 25, 29, 8, 14, 20, 19, 29, 15]",1275,39.17555663501844,1569,13.048534989007749,1238,14.320894554955885,902,0.3991947099566459,1077,4.380986402975395,1088,1.3074206580058672,914,484
"[3, 3, 17, 30, 11, 2, 13, 15, 6, 19, 28, 17, 24, 9, 22, 4, 23, 20, 3, 26, 13, 29, 9, 12, 19, 5, 27, 26, 12, 12]",1230,33.987976753967814,1654,14.871808732044885,1285,14.03941379103344,968,0.4408809539745562,1103,3.8884343820391214,1121,1.212449220009148,942,459
"[25, 14, 25, 30, 28, 25, 15, 6, 8, 14, 9, 13, 24, 12, 6, 10, 15, 3, 5, 22, 20, 10, 22, 13, 8, 23, 29, 21, 15, 16]",1295,38.385329369979445,1412,12.650517252041029,1252,13.987131325993689,969,0.4190673539997078,1097,4.439134959015064,1038,1.2566058830125255,927,486
"[28, 30, 6, 22, 16, 10, 4, 21, 20, 19, 25, 28, 14, 15, 14, 30, 2, 9, 25, 13, 19, 10, 23, 21, 15, 7, 2, 22, 9, 9]",1241,31.08798348600976,1173,17.340221273945644,1205,13.528899731987622,986,0.4297802399960346,1130,4.604112938977778,1105,1.3439080559764989,964,488
"[25, 18, 11, 29, 9, 24, 6, 25, 28, 6, 25, 9, 30, 2, 20, 13, 21, 24, 20, 4, 12, 14, 17, 12, 6, 28, 18, 24, 25, 8]",1293,38.69042028795229,1566,14.510219876014162,1329,15.883375160978176,1065,0.4532786330091767,1151,5.540071465016808,1139,1.5173939819796942,979,513
"[4, 16, 16, 22, 27, 16, 9, 27, 25, 15, 11, 12, 29, 5, 10, 17, 6, 23, 3, 24, 16, 24, 23, 3, 30, 23, 23, 11, 16, 24]",1325,41.92164595099166,1686,18.32446430803975,1334,16.221804759989027,1029,0.4151068179635331,1117,5.470811894978397,1103,1.4814513950259425,946,510
"[18, 28, 13, 4, 29, 10, 11, 14, 8, 16, 5, 7, 24, 29, 22, 5, 4, 22, 20, 11, 23, 16, 12, 13, 8, 20, 29, 15, 29, 29]",1377,45.27959655498853,1613,15.428871209034696,1397,16.370369436976034,1012,0.4552991900127381,1180,4.956962055002805,1186,1.4799975350033492,1006,494
"[29, 19, 8, 21, 12, 23, 11, 4, 19, 5, 23, 30, 26, 4, 28, 4, 26, 16, 23, 15, 28, 29, 29, 6, 13, 29, 4, 9, 2, 20]",1440,41.8067089630058,1731,15.838579289033078,1488,17.85777624399634,1129,0.4821585189783945,1235,6.036338570993394,1279,1.7225587720167823,1071,515
"[4, 9, 20, 29, 8, 12, 20, 13, 23, 18, 29, 9, 15, 2, 3, 6, 23, 20, 14, 14, 5, 8, 9, 13, 19, 12, 5, 22, 8, 16]",965,22.059291523997672,1205,7.798155178024899,989,9.285272099019494,859,0.4073343389900401,965,2.3024138389737345,900,0.7968766379635781,844,408
"[28, 9, 10, 10, 5, 17, 3, 4, 4, 25, 29, 21, 3, 18, 25, 2, 11, 19, 14, 30, 30, 30, 5, 28, 7, 21, 16, 11, 8, 28]",1363,41.24271859001601,1830,14.73347159900004,1419,16.360156525974162,1134,0.425195618008729,1208,4.42464631801704,1262,1.432117193005979,1060,471
"[13, 13, 24, 21, 19, 25, 24, 2, 3, 19, 25, 2, 22, 29, 23, 26, 28, 29, 10, 19, 26, 3, 5, 17, 13, 6, 16, 22, 4, 29]",1391,41.073793403978925,1761,15.755998418026138,1420,16.81555425497936,1063,0.4599995100288652,1173,6.02523669495713,1208,1.663169047969859,997,517
"[22, 25, 9, 23, 4, 2, 19, 27, 17, 11, 5, 8, 12, 30, 14, 13, 11, 28, 24, 6, 6, 15, 19, 7, 29, 14, 13, 3, 13, 17]",1243,31.584800008044112,1331,11.937346844992136,1176,12.253823501989244,921,0.3930777700152248,1076,3.3242638430092484,1056,1.0752762639895082,922,446
"[25, 18, 2, 25, 9, 25, 16, 19, 3, 10, 22, 10, 8, 28, 17, 25, 11, 25, 8, 19, 9, 26, 9, 15, 8, 20, 27, 4, 14, 9]",1178,31.51817936997395,1365,11.095182591001503,1169,12.61428156303009,928,0.4078866370255127,1010,3.848025005019736,1038,1.1600839360035025,869,466
"[9, 9, 29, 6, 28, 11, 18, 11, 3, 26, 9, 14, 22, 25, 30, 5, 17, 18, 21, 8, 12, 28, 2, 14, 8, 4, 30, 25, 17, 27]",1351,42.23113288701279,1752,14.4447053730255,1371,16.009501185035333,1094,0.435823212028481,1187,4.766839992953464,1193,1.4434480030322447,1023,486
"[15, 3, 30, 2, 11, 5, 9, 28, 8, 21, 4, 3, 16, 4, 13, 30, 2, 25, 20, 17, 8, 21, 28, 26, 14, 7, 7, 25, 30, 2]",1383,38.96080461802194,1761,13.55240841396153,1343,13.978045068972278,1056,0.3944905600510537,1169,3.4891228080377914,1168,1.1426030169823207,1013,434
"[28, 15, 18, 8, 18, 4, 25, 19, 15, 29, 4, 27, 12, 27, 23, 26, 28, 24, 16, 21, 21, 29, 22, 9, 10, 17, 25, 26, 13, 3]",1361,45.89205945003778,1727,17.816803505993448,1446,19.29025737504708,1104,0.4990222680498846,1193,7.708826376998331,1230,1.9719805989880117,1026,562
"[8, 29, 10, 13, 11, 5, 15, 24, 5, 8, 6, 5, 26, 13, 26, 26, 22, 21, 23, 12, 18, 21, 24, 5, 24, 2, 12, 4, 6, 18]",1061,27.20822707400657,1436,10.071169880975503,1135,11.549267846974544,899,0.3938032080186531,992,3.370417735015508,996,1.0110398060060106,846,442
"[15, 15, 11, 26, 13, 12, 12, 22, 14, 14, 17, 5, 7, 7, 29, 11, 21, 18, 8, 4, 20, 29, 7, 22, 6, 15, 19, 12, 7, 21]",1077,28.986249804031104,1207,8.424432646017522,1070,10.6514980699867,869,0.3907570549636148,983,2.915424665028695,919,0.9369372479850426,850,439
"[14, 13, 15, 22, 27, 22, 30, 30, 28, 12, 14, 13, 15, 4, 29, 25, 21, 8, 20, 20, 19, 9, 20, 23, 4, 3, 21, 12, 16, 13]",1199,34.70327408902813,1480,13.194455350982023,1235,15.344168397015892,991,0.4612405879888683,1164,5.528502750035841,1135,1.5636706429650076,987,522
"[5, 19, 10, 21, 16, 15, 12, 24, 13, 5, 7, 10, 22, 9, 28, 14, 27, 22, 7, 13, 19, 26, 7, 27, 7, 4, 25, 12, 6, 13]",1122,29.836057781998534,1465,10.150236181973014,1155,11.678939378994984,876,0.3765363069833256,997,3.1768412300152704,1019,1.0626838770112954,852,445
"[10, 19, 28, 8, 11, 9, 10, 16, 23, 5, 7, 20, 5, 2, 5, 16, 23, 30, 30, 28, 12, 15, 23, 4, 2, 9, 2, 11, 25, 6]",1178,28.213775056006853,1502,8.86048390500946,1216,11.456098550988829,968,0.4177969800075516,1093,2.6125836329883896,1085,0.9674823370296508,941,414
